{"name": "KNN", "time": 0.08675670623779297, "f1_score": 0.6948215051575267, "Best_Parameter": {"metric": "manhattan", "n_neighbors": 1, "weights": "uniform"}, "Cross validation score": 0.5596183614860086}
{"name": "Linear_Dis", "time": 0.0787959098815918, "f1_score": 0.4943306388355354, "Best_Parameter": {"solver": "svd"}, "Cross validation score": 0.5596183614860086}
{"name": "Naive Bayes", "time": 0.05784273147583008, "f1_score": 0.46021406505240126, "Best_Parameter": {"var_smoothing": 1e-09}, "Cross validation score": 0.4261630153304382}
{"name": "Support_Vector", "time": 0.08480978012084961, "f1_score": 0.6978232649400613, "Best_Parameter": {"C": 19, "gamma": "scale", "kernel": "poly"}, "Cross validation score": 0.48625400131583474}
{"name": "Logistic", "time": 0.0898127555847168, "f1_score": 0.3665027853775585, "Best_Parameter": {"penalty": "l2"}, "Cross validation score": 0.48625400131583474}
{"name": "Random", "time": 2.2988901138305664, "f1_score": 0.7919171818685167, "Best_Parameter": {"criterion": "gini", "n_estimators": 18}, "Cross validation score": 0.7244509434954156}
{"name": "Adaboost", "time": 2.2499382495880127, "f1_score": 0.4977531590345568, "Best_Parameter": {"algorithm": "SAMME", "n_estimators": 97}, "Cross validation score": 0.35204776878694855}
{"name": "Gradient", "time": 1.2191698551177979, "f1_score": 0.6296959320223696, "Best_Parameter": {"learning_rate": 0.01, "max_depth": 6, "n_estimators": 100}, "Cross validation score": 0.3498483385875183}
{"name": "XGboost", "time": 3.612431287765503, "f1_score": 0.6935561421851745, "Best_Parameter": {"eta": 0.05, "gamma": 2}, "Cross validation score": 0.6808922554685821}