{"Knn": 0.5596183614860086, "Linear": 0.5596183614860086, "Naive": 0.4261630153304382, "support": 0.48625400131583474, "Logistic": 0.48625400131583474, "Random": 0.7311105809971543, "Ada boost": 0.35204776878694855, "Gradient": 0.35204776878694855, "XG Boost": 0.6808922554685821}