{"Knn": 0.6078318605189128, "Linear": 0.6078318605189128, "Naive": 0.5764388261990246, "support": 0.51152458696262, "Logistic": 0.51152458696262, "Random": 0.5627666105526201, "Ada boost": 0.46584689724002626, "Gradient": 0.46584689724002626, "XG Boost": 0.5172249965801367}