{"name": "KNN", "time": 0.09474849700927734, "f1_score": 0.5899560749889422, "Best_Parameter": {"metric": "euclidean", "n_neighbors": 9, "weights": "uniform"}, "Cross validation score": 0.6078318605189128}{"name": "Linear_Dis", "time": 0.1356372833251953, "f1_score": 0.5714627945788184, "Best_Parameter": {"solver": "svd"}, "Cross validation score": 0.6078318605189128}{"name": "Naive Bayes", "time": 0.06682229042053223, "f1_score": 0.5607760286443746, "Best_Parameter": {"var_smoothing": 1e-09}, "Cross validation score": 0.5764388261990246}{"name": "Support_Vector", "time": 0.1097099781036377, "f1_score": 0.5821634066701767, "Best_Parameter": {"C": 12, "gamma": "scale", "kernel": "rbf"}, "Cross validation score": 0.51152458696262}{"name": "Logistic", "time": 0.12367486953735352, "f1_score": 0.443273180310776, "Best_Parameter": {"penalty": "l2"}, "Cross validation score": 0.51152458696262}{"name": "Random", "time": 5.468787908554077, "f1_score": 0.5776265130658902, "Best_Parameter": {"criterion": "gini", "n_estimators": 17}, "Cross validation score": 0.5507439095564275}{"name": "Adaboost", "time": 2.398627519607544, "f1_score": 0.631834476738127, "Best_Parameter": {"algorithm": "SAMME.R", "n_estimators": 4}, "Cross validation score": 0.46584689724002626}{"name": "Gradient", "time": 1.0751655101776123, "f1_score": 0.5924965624547692, "Best_Parameter": {"learning_rate": 0.01, "max_depth": 8, "n_estimators": 100}, "Cross validation score": 0.4920517697141834}{"name": "XGboost", "time": 1.594726324081421, "f1_score": 0.6459889771923806, "Best_Parameter": {"eta": 0.001, "gamma": 2}, "Cross validation score": 0.5172249965801367}