{"name": "KNN", "time": 0.09076237678527832, "f1_score": 0.9665152780942254, "Best_Parameter": {"metric": "euclidean", "n_neighbors": 6, "weights": "uniform"}, "Cross validation score": 0.9598997493734336}
{"name": "Linear_Dis", "time": 0.08680415153503418, "f1_score": 0.9732664995822891, "Best_Parameter": {"solver": "svd"}, "Cross validation score": 0.9598997493734336}
{"name": "Naive Bayes", "time": 0.05289506912231445, "f1_score": 0.9532832080200502, "Best_Parameter": {"var_smoothing": 1e-09}, "Cross validation score": 0.9530472646262119}
{"name": "Support_Vector", "time": 0.0618433952331543, "f1_score": 0.9799832915622388, "Best_Parameter": {"C": 17, "gamma": "auto", "kernel": "rbf"}, "Cross validation score": 0.9597984861142755}
{"name": "Logistic", "time": 0.06088113784790039, "f1_score": 0.9330984025720866, "Best_Parameter": {"penalty": "l2"}, "Cross validation score": 0.9597984861142755}
{"name": "Random", "time": 2.194125175476074, "f1_score": 0.9599665831244778, "Best_Parameter": {"criterion": "gini", "n_estimators": 3}, "Cross validation score": 0.9598319029897976}
{"name": "Adaboost", "time": 2.1475179195404053, "f1_score": 0.9599331662489557, "Best_Parameter": {"algorithm": "SAMME", "n_estimators": 6}, "Cross validation score": 0.946330472646262}
{"name": "Gradient", "time": 1.1349601745605469, "f1_score": 0.9665831244778612, "Best_Parameter": {"learning_rate": 0.2, "max_depth": 3, "n_estimators": 150, "random_state": 1}, "Cross validation score": 0.946330472646262}
{"name": "XGboost", "time": 2.1772444248199463, "f1_score": 0.9599331662489557, "Best_Parameter": {"eta": 0.01, "gamma": 2}, "Cross validation score": 0.9598319029897976}