{"Knn": 0.9598997493734336, "Linear": 0.9598997493734336, "Naive": 0.9530472646262119, "support": 0.9597984861142755, "Logistic": 0.9597984861142755, "Random": 0.9664818612187034, "Ada boost": 0.946330472646262, "Gradient": 0.946330472646262, "XG Boost": 0.9598319029897976}