{"name": "KNN", "time": 5.059304714202881, "f1_score": 0.8903990915239495, "Best_Parameter": {"metric": "manhattan", "n_neighbors": 6, "weights": "distance"}, "Cross validation score": 0.6632824430483725}
{"name": "Linear_Dis", "time": 2.8573529720306396, "f1_score": 0.7032401130376225, "Best_Parameter": {"solver": "svd"}, "Cross validation score": 0.6632824430483725}
{"name": "Naive Bayes", "time": 0.11374330520629883, "f1_score": 0.5785478207451185, "Best_Parameter": {"var_smoothing": 1e-08}, "Cross validation score": 0.5103375893187898}
{"name": "Support_Vector", "time": 16.940645217895508, "f1_score": 0.9139576282873618, "Best_Parameter": {"C": 16, "gamma": "scale", "kernel": "rbf"}, "Cross validation score": 0.7409904619398788}
{"name": "Logistic", "time": 17.16808819770813, "f1_score": 0.7393078940835973, "Best_Parameter": {"penalty": "l2"}, "Cross validation score": 0.7409904619398788}
{"name": "Random", "time": 6.791865587234497, "f1_score": 0.9281360995425318, "Best_Parameter": {"criterion": "gini", "n_estimators": 8}, "Cross validation score": 0.5676167161054515}
{"name": "Adaboost", "time": 8.351642608642578, "f1_score": 0.6080903624267606, "Best_Parameter": {"algorithm": "SAMME", "n_estimators": 23}, "Cross validation score": 0.3981739764735786}
{"name": "Gradient", "time": 4.216759443283081, "f1_score": 0.932032481750609, "Best_Parameter": {"learning_rate": 0.01, "max_depth": 9, "n_estimators": 100}, "Cross validation score": 0.5125995896319487}
{"name": "XGboost", "time": 11.627820253372192, "f1_score": 0.9007025701402759, "Best_Parameter": {"eta": 0.05, "gamma": 2}, "Cross validation score": 0.5740338630213663}
