{"name": "KNN", "time": 4.223172664642334, "f1_score": 0.8984362722464967, "Best_Parameter": {"metric": "manhattan", "n_neighbors": 4, "weights": "distance"}, "Cross validation score": 0.856992128325224}{"name": "Linear_Dis", "time": 2.2015786170959473, "f1_score": 0.789097896093733, "Best_Parameter": {"solver": "svd"}, "Cross validation score": 0.856992128325224}{"name": "Naive Bayes", "time": 0.12067294120788574, "f1_score": 0.777689391319075, "Best_Parameter": {"var_smoothing": 1e-09}, "Cross validation score": 0.7680980664635864}{"name": "KNN", "time": 2.193175792694092, "f1_score": 0.8984362722464967, "Best_Parameter": {"metric": "manhattan", "n_neighbors": 4, "weights": "distance"}, "Cross validation score": 0.856992128325224}{"name": "Linear_Dis", "time": 2.1582891941070557, "f1_score": 0.789097896093733, "Best_Parameter": {"solver": "svd"}, "Cross validation score": 0.856992128325224}{"name": "Naive Bayes", "time": 0.12461328506469727, "f1_score": 0.777689391319075, "Best_Parameter": {"var_smoothing": 1e-09}, "Cross validation score": 0.7680980664635864}{"name": "Support_Vector", "time": 7.52779221534729, "f1_score": 0.8940234946255504, "Best_Parameter": {"C": 19, "gamma": "scale", "kernel": "rbf"}, "Cross validation score": 0.8551205990121659}{"name": "Logistic", "time": 7.927383899688721, "f1_score": 0.7904370593352834, "Best_Parameter": {"penalty": "l2"}, "Cross validation score": 0.8551205990121659}{"name": "Random", "time": 16.151719093322754, "f1_score": 0.8920451152411669, "Best_Parameter": {"criterion": "entropy", "n_estimators": 19}, "Cross validation score": 0.8671661473066706}{"name": "Adaboost", "time": 15.93189525604248, "f1_score": 0.7585931538462354, "Best_Parameter": {"algorithm": "SAMME", "n_estimators": 88}, "Cross validation score": 0.5594108235504516}{"name": "Gradient", "time": 7.5672290325164795, "f1_score": 0.8684316126035487, "Best_Parameter": {"learning_rate": 0.01, "max_depth": 7, "n_estimators": 100}, "Cross validation score": 0.5079393221512636}{"name": "XGboost", "time": 23.140848875045776, "f1_score": 0.8842160173537899, "Best_Parameter": {"eta": 0.05, "gamma": 1}, "Cross validation score": 0.8706753391486719}