{"Knn": 0.856992128325224, "Linear": 0.856992128325224, "Naive": 0.7680980664635864, "support": 0.8551205990121659, "Logistic": 0.8551205990121659, "Random": 0.8686622757612404, "Ada boost": 0.5594108235504516, "Gradient": 0.5594108235504516, "XG Boost": 0.8706753391486719}