{"Knn": 0.955490285909813, "Linear": 0.955490285909813, "Naive": 0.9676843342490518, "support": 0.9776968714194838, "Logistic": 0.9776968714194838, "Random": 0.9621392620373129, "Ada boost": 0.8182408457242805, "Gradient": 0.8182408457242805, "XG Boost": 0.9490905605962814}