{"name": "KNN", "time": 0.3991093635559082, "f1_score": 0.9784247513370321, "Best_Parameter": {"metric": "euclidean", "n_neighbors": 12, "weights": "uniform"}, "Cross validation score": 0.955490285909813}{"name": "Linear_Dis", "time": 0.07579636573791504, "f1_score": 0.9939278937381404, "Best_Parameter": {"solver": "svd"}, "Cross validation score": 0.955490285909813}{"name": "Naive Bayes", "time": 0.05190277099609375, "f1_score": 0.9835170417626558, "Best_Parameter": {"var_smoothing": 1e-09}, "Cross validation score": 0.9676843342490518}{"name": "Support_Vector", "time": 0.06781840324401855, "f1_score": 0.9940220922677063, "Best_Parameter": {"C": 5, "gamma": "auto", "kernel": "rbf"}, "Cross validation score": 0.9776968714194838}{"name": "Logistic", "time": 0.07583332061767578, "f1_score": 0.9836888884992202, "Best_Parameter": {"penalty": "l2"}, "Cross validation score": 0.9776968714194838}{"name": "Random", "time": 2.0844626426696777, "f1_score": 0.9888862897985705, "Best_Parameter": {"criterion": "entropy", "n_estimators": 10}, "Cross validation score": 0.9778417138417138}{"name": "Adaboost", "time": 2.381624460220337, "f1_score": 0.9722175586370856, "Best_Parameter": {"algorithm": "SAMME", "n_estimators": 13}, "Cross validation score": 0.8182408457242805}{"name": "Gradient", "time": 1.1838767528533936, "f1_score": 0.9897283950617284, "Best_Parameter": {"learning_rate": 0.2, "max_depth": 1, "n_estimators": 250, "random_state": 1}, "Cross validation score": 0.8029672624723334}{"name": "XGboost", "time": 2.128997802734375, "f1_score": 0.9672428628348037, "Best_Parameter": {"eta": 0.05, "gamma": 1}, "Cross validation score": 0.9490905605962814}